response_num,thread_link
106,viewthread.php?tid=29717182&extra=page%3D1%26amp%3BthreadMode%3Dneutral&tr_h=13965891976026fd4f656312_44861773
48,viewthread.php?tid=29716558&extra=page%3D1%26amp%3BthreadMode%3Dneutral&tr_h=13965891976026fd4f656312_44861773
97,viewthread.php?tid=29717189&extra=page%3D1%26amp%3BthreadMode%3Dneutral&tr_h=13965891976026fd4f656312_44861773
14,viewthread.php?tid=29716662&extra=page%3D1%26amp%3BthreadMode%3Dneutral&tr_h=13965891976026fd4f656312_44861773
38,viewthread.php?tid=29716454&extra=page%3D1%26amp%3BthreadMode%3Dneutral&tr_h=13965891976026fd4f656312_44861773
3,viewthread.php?tid=29716772&extra=page%3D1%26amp%3BthreadMode%3Dneutral&tr_h=13965891976026fd4f656312_44861773
251,viewthread.php?tid=29716326&extra=page%3D1%26amp%3BthreadMode%3Dneutral&tr_h=13965891976026fd4f656312_44861773
33,viewthread.php?tid=29716484&extra=page%3D1%26amp%3BthreadMode%3Dneutral&tr_h=13965891976026fd4f656312_44861773
194,viewthread.php?tid=29716114&extra=page%3D1%26amp%3BthreadMode%3Dneutral&tr_h=13965891976026fd4f656312_44861773
471,viewthread.php?tid=29717199&extra=page%3D1%26amp%3BthreadMode%3Dneutral&tr_h=13965891976026fd4f656312_44861773
61,viewthread.php?tid=29717118&extra=page%3D1%26amp%3BthreadMode%3Dneutral&tr_h=13965891976026fd4f656312_44861773
236,viewthread.php?tid=29716962&extra=page%3D1%26amp%3BthreadMode%3Dneutral&tr_h=13965891976026fd4f656312_44861773
0,viewthread.php?tid=29716991&extra=page%3D1%26amp%3BthreadMode%3Dneutral&tr_h=13965891976026fd4f656312_44861773
7,viewthread.php?tid=29716826&extra=page%3D1%26amp%3BthreadMode%3Dneutral&tr_h=13965891976026fd4f656312_44861773
38,viewthread.php?tid=29717153&extra=page%3D1%26amp%3BthreadMode%3Dneutral&tr_h=13965891976026fd4f656312_44861773
11,viewthread.php?tid=29716104&extra=page%3D1%26amp%3BthreadMode%3Dneutral&tr_h=13965891976026fd4f656312_44861773
8,viewthread.php?tid=29716982&extra=page%3D1%26amp%3BthreadMode%3Dneutral&tr_h=13965891976026fd4f656312_44861773
1,viewthread.php?tid=29666488&extra=page%3D1%26amp%3BthreadMode%3Dneutral&tr_h=13965891976026fd4f656312_44861773
21,viewthread.php?tid=29716599&extra=page%3D1%26amp%3BthreadMode%3Dneutral&tr_h=13965891976026fd4f656312_44861773
76,viewthread.php?tid=29717045&extra=page%3D2%26amp%3BthreadMode%3Dneutral&tr_h=18438344446026fd4fef2b47_36465318
3,viewthread.php?tid=29716531&extra=page%3D2%26amp%3BthreadMode%3Dneutral&tr_h=18438344446026fd4fef2b47_36465318
163,viewthread.php?tid=29716838&extra=page%3D2%26amp%3BthreadMode%3Dneutral&tr_h=18438344446026fd4fef2b47_36465318
137,viewthread.php?tid=29716279&extra=page%3D2%26amp%3BthreadMode%3Dneutral&tr_h=18438344446026fd4fef2b47_36465318
7,viewthread.php?tid=29717151&extra=page%3D2%26amp%3BthreadMode%3Dneutral&tr_h=18438344446026fd4fef2b47_36465318
248,viewthread.php?tid=29715385&extra=page%3D2%26amp%3BthreadMode%3Dneutral&tr_h=18438344446026fd4fef2b47_36465318
35,viewthread.php?tid=29717083&extra=page%3D2%26amp%3BthreadMode%3Dneutral&tr_h=18438344446026fd4fef2b47_36465318
165,viewthread.php?tid=29714864&extra=page%3D2%26amp%3BthreadMode%3Dneutral&tr_h=18438344446026fd4fef2b47_36465318
32,viewthread.php?tid=29714706&extra=page%3D2%26amp%3BthreadMode%3Dneutral&tr_h=18438344446026fd4fef2b47_36465318
1,viewthread.php?tid=29712078&extra=page%3D2%26amp%3BthreadMode%3Dneutral&tr_h=18438344446026fd4fef2b47_36465318
68,viewthread.php?tid=29706324&extra=page%3D2%26amp%3BthreadMode%3Dneutral&tr_h=18438344446026fd4fef2b47_36465318
8,viewthread.php?tid=29713277&extra=page%3D2%26amp%3BthreadMode%3Dneutral&tr_h=18438344446026fd4fef2b47_36465318
107,viewthread.php?tid=29715441&extra=page%3D2%26amp%3BthreadMode%3Dneutral&tr_h=18438344446026fd4fef2b47_36465318
126,viewthread.php?tid=29715687&extra=page%3D2%26amp%3BthreadMode%3Dneutral&tr_h=18438344446026fd4fef2b47_36465318
65,viewthread.php?tid=29702156&extra=page%3D2%26amp%3BthreadMode%3Dneutral&tr_h=18438344446026fd4fef2b47_36465318
648,viewthread.php?tid=29714023&extra=page%3D2%26amp%3BthreadMode%3Dneutral&tr_h=18438344446026fd4fef2b47_36465318
19,viewthread.php?tid=29714637&extra=page%3D2%26amp%3BthreadMode%3Dneutral&tr_h=18438344446026fd4fef2b47_36465318
114,viewthread.php?tid=29717065&extra=page%3D2%26amp%3BthreadMode%3Dneutral&tr_h=18438344446026fd4fef2b47_36465318
153,viewthread.php?tid=29712747&extra=page%3D2%26amp%3BthreadMode%3Dneutral&tr_h=18438344446026fd4fef2b47_36465318
2,viewthread.php?tid=29716754&extra=page%3D2%26amp%3BthreadMode%3Dneutral&tr_h=18438344446026fd4fef2b47_36465318
191,viewthread.php?tid=29716874&extra=page%3D2%26amp%3BthreadMode%3Dneutral&tr_h=18438344446026fd4fef2b47_36465318
73,viewthread.php?tid=29716311&extra=page%3D2%26amp%3BthreadMode%3Dneutral&tr_h=18438344446026fd4fef2b47_36465318
13,viewthread.php?tid=29712208&extra=page%3D3%26amp%3BthreadMode%3Dneutral&tr_h=15332095526026fd5084dee2_98966156
102,viewthread.php?tid=29715293&extra=page%3D3%26amp%3BthreadMode%3Dneutral&tr_h=15332095526026fd5084dee2_98966156
5,viewthread.php?tid=29716351&extra=page%3D3%26amp%3BthreadMode%3Dneutral&tr_h=15332095526026fd5084dee2_98966156
5,viewthread.php?tid=29714536&extra=page%3D3%26amp%3BthreadMode%3Dneutral&tr_h=15332095526026fd5084dee2_98966156
4,viewthread.php?tid=29716504&extra=page%3D3%26amp%3BthreadMode%3Dneutral&tr_h=15332095526026fd5084dee2_98966156
196,viewthread.php?tid=29717043&extra=page%3D3%26amp%3BthreadMode%3Dneutral&tr_h=15332095526026fd5084dee2_98966156
63,viewthread.php?tid=29716989&extra=page%3D3%26amp%3BthreadMode%3Dneutral&tr_h=15332095526026fd5084dee2_98966156
6,viewthread.php?tid=29715341&extra=page%3D3%26amp%3BthreadMode%3Dneutral&tr_h=15332095526026fd5084dee2_98966156
260,viewthread.php?tid=29716761&extra=page%3D3%26amp%3BthreadMode%3Dneutral&tr_h=15332095526026fd5084dee2_98966156
132,viewthread.php?tid=29716217&extra=page%3D3%26amp%3BthreadMode%3Dneutral&tr_h=15332095526026fd5084dee2_98966156
276,viewthread.php?tid=29715329&extra=page%3D3%26amp%3BthreadMode%3Dneutral&tr_h=15332095526026fd5084dee2_98966156
98,viewthread.php?tid=29716979&extra=page%3D3%26amp%3BthreadMode%3Dneutral&tr_h=15332095526026fd5084dee2_98966156
13,viewthread.php?tid=29716894&extra=page%3D3%26amp%3BthreadMode%3Dneutral&tr_h=15332095526026fd5084dee2_98966156
11,viewthread.php?tid=29702344&extra=page%3D3%26amp%3BthreadMode%3Dneutral&tr_h=15332095526026fd5084dee2_98966156
20,viewthread.php?tid=29717041&extra=page%3D3%26amp%3BthreadMode%3Dneutral&tr_h=15332095526026fd5084dee2_98966156
6,viewthread.php?tid=29712107&extra=page%3D3%26amp%3BthreadMode%3Dneutral&tr_h=15332095526026fd5084dee2_98966156
121,viewthread.php?tid=29716810&extra=page%3D3%26amp%3BthreadMode%3Dneutral&tr_h=15332095526026fd5084dee2_98966156
293,viewthread.php?tid=29716421&extra=page%3D3%26amp%3BthreadMode%3Dneutral&tr_h=15332095526026fd5084dee2_98966156
9,viewthread.php?tid=29716952&extra=page%3D3%26amp%3BthreadMode%3Dneutral&tr_h=15332095526026fd5084dee2_98966156
6,viewthread.php?tid=29715430&extra=page%3D3%26amp%3BthreadMode%3Dneutral&tr_h=15332095526026fd5084dee2_98966156
11,viewthread.php?tid=29716963&extra=page%3D3%26amp%3BthreadMode%3Dneutral&tr_h=15332095526026fd5084dee2_98966156
0,viewthread.php?tid=29716654&extra=page%3D3%26amp%3BthreadMode%3Dneutral&tr_h=15332095526026fd5084dee2_98966156
274,viewthread.php?tid=29716907&extra=page%3D4%26amp%3BthreadMode%3Dneutral&tr_h=20943335746026fd5123bcd0_97268798
9,viewthread.php?tid=29649632&extra=page%3D4%26amp%3BthreadMode%3Dneutral&tr_h=20943335746026fd5123bcd0_97268798
26,viewthread.php?tid=29716075&extra=page%3D4%26amp%3BthreadMode%3Dneutral&tr_h=20943335746026fd5123bcd0_97268798
6,viewthread.php?tid=29716449&extra=page%3D4%26amp%3BthreadMode%3Dneutral&tr_h=20943335746026fd5123bcd0_97268798
83,viewthread.php?tid=29716323&extra=page%3D4%26amp%3BthreadMode%3Dneutral&tr_h=20943335746026fd5123bcd0_97268798
2,viewthread.php?tid=29716832&extra=page%3D4%26amp%3BthreadMode%3Dneutral&tr_h=20943335746026fd5123bcd0_97268798
20,viewthread.php?tid=29716786&extra=page%3D4%26amp%3BthreadMode%3Dneutral&tr_h=20943335746026fd5123bcd0_97268798
11,viewthread.php?tid=29715355&extra=page%3D4%26amp%3BthreadMode%3Dneutral&tr_h=20943335746026fd5123bcd0_97268798
1,viewthread.php?tid=29716235&extra=page%3D4%26amp%3BthreadMode%3Dneutral&tr_h=20943335746026fd5123bcd0_97268798
325,viewthread.php?tid=29715549&extra=page%3D4%26amp%3BthreadMode%3Dneutral&tr_h=20943335746026fd5123bcd0_97268798
212,viewthread.php?tid=29670236&extra=page%3D4%26amp%3BthreadMode%3Dneutral&tr_h=20943335746026fd5123bcd0_97268798
189,viewthread.php?tid=29715515&extra=page%3D4%26amp%3BthreadMode%3Dneutral&tr_h=20943335746026fd5123bcd0_97268798
25,viewthread.php?tid=29714084&extra=page%3D4%26amp%3BthreadMode%3Dneutral&tr_h=20943335746026fd5123bcd0_97268798
19,viewthread.php?tid=29715345&extra=page%3D4%26amp%3BthreadMode%3Dneutral&tr_h=20943335746026fd5123bcd0_97268798
3,viewthread.php?tid=29715374&extra=page%3D4%26amp%3BthreadMode%3Dneutral&tr_h=20943335746026fd5123bcd0_97268798
4,viewthread.php?tid=29714525&extra=page%3D4%26amp%3BthreadMode%3Dneutral&tr_h=20943335746026fd5123bcd0_97268798
55,viewthread.php?tid=29706686&extra=page%3D4%26amp%3BthreadMode%3Dneutral&tr_h=20943335746026fd5123bcd0_97268798
43,viewthread.php?tid=29704909&extra=page%3D4%26amp%3BthreadMode%3Dneutral&tr_h=20943335746026fd5123bcd0_97268798
103,viewthread.php?tid=29716150&extra=page%3D4%26amp%3BthreadMode%3Dneutral&tr_h=20943335746026fd5123bcd0_97268798
976,viewthread.php?tid=29715576&extra=page%3D4%26amp%3BthreadMode%3Dneutral&tr_h=20943335746026fd5123bcd0_97268798
32,viewthread.php?tid=29713763&extra=page%3D4%26amp%3BthreadMode%3Dneutral&tr_h=20943335746026fd5123bcd0_97268798
80,viewthread.php?tid=29716745&extra=page%3D4%26amp%3BthreadMode%3Dneutral&tr_h=20943335746026fd5123bcd0_97268798
30,viewthread.php?tid=29716537&extra=page%3D5%26amp%3BthreadMode%3Dneutral&tr_h=17040244176026fd51b8d441_77590990
252,viewthread.php?tid=29714376&extra=page%3D5%26amp%3BthreadMode%3Dneutral&tr_h=17040244176026fd51b8d441_77590990
193,viewthread.php?tid=29714199&extra=page%3D5%26amp%3BthreadMode%3Dneutral&tr_h=17040244176026fd51b8d441_77590990
183,viewthread.php?tid=29716408&extra=page%3D5%26amp%3BthreadMode%3Dneutral&tr_h=17040244176026fd51b8d441_77590990
64,viewthread.php?tid=29716288&extra=page%3D5%26amp%3BthreadMode%3Dneutral&tr_h=17040244176026fd51b8d441_77590990
26,viewthread.php?tid=29713228&extra=page%3D5%26amp%3BthreadMode%3Dneutral&tr_h=17040244176026fd51b8d441_77590990
139,viewthread.php?tid=29714661&extra=page%3D5%26amp%3BthreadMode%3Dneutral&tr_h=17040244176026fd51b8d441_77590990
404,viewthread.php?tid=29716752&extra=page%3D5%26amp%3BthreadMode%3Dneutral&tr_h=17040244176026fd51b8d441_77590990
2,viewthread.php?tid=29716299&extra=page%3D5%26amp%3BthreadMode%3Dneutral&tr_h=17040244176026fd51b8d441_77590990
36,viewthread.php?tid=29666761&extra=page%3D5%26amp%3BthreadMode%3Dneutral&tr_h=17040244176026fd51b8d441_77590990
3,viewthread.php?tid=29714927&extra=page%3D5%26amp%3BthreadMode%3Dneutral&tr_h=17040244176026fd51b8d441_77590990
188,viewthread.php?tid=29711086&extra=page%3D5%26amp%3BthreadMode%3Dneutral&tr_h=17040244176026fd51b8d441_77590990
22,viewthread.php?tid=29716415&extra=page%3D5%26amp%3BthreadMode%3Dneutral&tr_h=17040244176026fd51b8d441_77590990
132,viewthread.php?tid=29716719&extra=page%3D5%26amp%3BthreadMode%3Dneutral&tr_h=17040244176026fd51b8d441_77590990
5,viewthread.php?tid=29716522&extra=page%3D5%26amp%3BthreadMode%3Dneutral&tr_h=17040244176026fd51b8d441_77590990
8,viewthread.php?tid=29716559&extra=page%3D5%26amp%3BthreadMode%3Dneutral&tr_h=17040244176026fd51b8d441_77590990
328,viewthread.php?tid=29716177&extra=page%3D5%26amp%3BthreadMode%3Dneutral&tr_h=17040244176026fd51b8d441_77590990
460,viewthread.php?tid=29703392&extra=page%3D5%26amp%3BthreadMode%3Dneutral&tr_h=17040244176026fd51b8d441_77590990
0,viewthread.php?tid=29707283&extra=page%3D5%26amp%3BthreadMode%3Dneutral&tr_h=17040244176026fd51b8d441_77590990
8,viewthread.php?tid=29716038&extra=page%3D5%26amp%3BthreadMode%3Dneutral&tr_h=17040244176026fd51b8d441_77590990
27,viewthread.php?tid=29714393&extra=page%3D5%26amp%3BthreadMode%3Dneutral&tr_h=17040244176026fd51b8d441_77590990
125,viewthread.php?tid=29713031&extra=page%3D5%26amp%3BthreadMode%3Dneutral&tr_h=17040244176026fd51b8d441_77590990
